name,activity_type,venue,address,town,postcode,latitude,longitude,provider
Cc St2 Skill Mon 09:30,,Moulton Leisure Centre,"Gate 4, Moulton College",Moult,NN3 7QL,52.295841,-0.86878,Everyone Active
Splash Beginner 10:00,,West Lindsey Leisure Centre,The Avenue,Gainsborough,DN21 1EP,53.4073051935521,-0.768766206745908,Everyone Active
Splash Advanced 10:00,,West Lindsey Leisure Centre,The Avenue,Gainsborough,DN21 1EP,53.4073051935521,-0.768766206745908,Everyone Active
Stage 2 Crash Course,,The Reef,Weybourne Road  ,Sheringham ,NR26 8HF,52.941929,1.20224,Everyone Active
Distance Award 10:00,,West Lindsey Leisure Centre,The Avenue,Gainsborough,DN21 1EP,53.4073051935521,-0.768766206745908,Everyone Active
Yin Yoga Course,,The Grange Community and Leisure Centre,Bepton Road,Midhurst,GU29 9HD,50.9842710169767,-0.739553381198106,Everyone Active
Adult Improvers 10:30,,Taro Leisure Centre,Penns Place,Petersfield,GU31 4EX,51.0054003489111,-0.909314703982545,Everyone Active
Water Polo 13:30,,Godalming Leisure Centre,"Broadwater Park, ",Summers Rd ,GU7 3BH,51.20051,-0.59786,Everyone Active
Water Saftey S3&4,,Victory Swim and Fitness Centre ,Station Road,North Walsham,NR28 0DZ,52.81839,1.37891,Everyone Active
Dive Taster Thur 16:00 Jg,,Harrow Lodge L C,Hornchurch Road,Hornchurch,RM11 1JU,51.56477,0.20123,Everyone Active
Dive Teen Thurs 17:30 Bm,,Harrow Lodge L C,Hornchurch Road,Hornchurch,RM11 1JU,51.56477,0.20123,Everyone Active
Dive Sen Thurs 17:00 Bm,,Harrow Lodge L C,Hornchurch Road,Hornchurch,RM11 1JU,51.56477,0.20123,Everyone Active
Football 2-4 Tue 10:30,,Bracknell Leisure Centre,Bagshot Road,Bracknell,RG12 9SE,51.4019048955649,-0.747568009400993,Everyone Active
Netball 7-9 Thu 18:15,,Bracknell Leisure Centre,Bagshot Road,Bracknell,RG12 9SE,51.4019048955649,-0.747568009400993,Everyone Active
Netball 9-11 Thu 18:15,,Bracknell Leisure Centre,Bagshot Road,Bracknell,RG12 9SE,51.4019048955649,-0.747568009400993,Everyone Active
L1-3 7-11y Thu 1700,,Bracknell Leisure Centre,Bagshot Road,Bracknell,RG12 9SE,51.4019048955649,-0.747568009400993,Everyone Active
Cc W P Jun Sun 1530 Tz	,,Weymouth Swimming Pool and Fitness Centre,Knightsdale Road,Weymouth,DT4 0HX,50.6091050226213,-2.47035748406142,Everyone Active
Cc W P Adult Sun 1530 Tz	,,Weymouth Swimming Pool and Fitness Centre,Knightsdale Road,Weymouth,DT4 0HX,50.6091050226213,-2.47035748406142,Everyone Active
Badminton 11-15 Sun 10:30,,Harpenden Leisure Centre,Leyton Road,Harpenden ,AL5 2HU,51.81509,-0.35626,Everyone Active
Adult Imp Thu 19:15 Dd,,Harrow Leisure Centre,Christchurch Avenue,Harrow,HA3 5BD,51.5922882290769,-0.327507724853489,Everyone Active
Clinic Front Tues 16:30 M,,Becontree Heath Leisure Centre,Althorne Way,Dagenham,RM10 7FH,51.56090590363,0.148615772836137,Everyone Active
Clinic Back Tues 16:00 Mw,,Becontree Heath Leisure Centre,Althorne Way,Dagenham,RM10 7FH,51.56090590363,0.148615772836137,Everyone Active
Clinic Breasttues 17:30 M,,Becontree Heath Leisure Centre,Althorne Way,Dagenham,RM10 7FH,51.56090590363,0.148615772836137,Everyone Active
Clinic Fly Tues 17:00 Mw,,Becontree Heath Leisure Centre,Althorne Way,Dagenham,RM10 7FH,51.56090590363,0.148615772836137,Everyone Active
Diving Tid Lesson Taster,,Ponds Forge Sports Centre,Sheaf Street,Sheffield City Centre,S1 2BP,53.38238,-1.46242,Everyone Active
Inclusive Tues 1630 Lw,,Edenbridge Leisure Centre,Stangrove Park,Edenbridge,TN8 5LU,51.20122,0.0624,Everyone Active
A&c 19-36 1245 Taster,,Concord Sports Centre,Shiregreen Lane,Sheffield ,S5 6AE,53.42314,-1.43956,Everyone Active
A&c 4-18m 1215 Taster,,Concord Sports Centre,Shiregreen Lane,Sheffield ,S5 6AE,53.42314,-1.43956,Everyone Active
Cc St4 Skill Mon 1030,,Royston Leisure Centre,Woodcock Road,Royston,SG8 7XT,52.05620901214902,-0.00946194032904903,Everyone Active
Cc St1 Skill Mon 0900,,Royston Leisure Centre,Woodcock Road,Royston,SG8 7XT,52.05620901214902,-0.00946194032904903,Everyone Active
Cc St2 Skill Mon 0930,,Royston Leisure Centre,Woodcock Road,Royston,SG8 7XT,52.05620901214902,-0.00946194032904903,Everyone Active
Badminton 7-11 Sun 09:30,,Harpenden Leisure Centre,Leyton Road,Harpenden ,AL5 2HU,51.81509,-0.35626,Everyone Active
L B T Sat 10:15,,Victory Swim and Fitness Centre ,Station Road,North Walsham,NR28 0DZ,52.81839,1.37891,Everyone Active
Exp 1-4 4-11y Wed 16:15,,Springs Leisure Centre,Bank Road,Sheffield ,S2 2AL,53.35812,-1.43656,Everyone Active
S/c Bs Clinic Thu 17:00 E,,Becontree Heath Leisure Centre,Althorne Way,Dagenham,RM10 7FH,51.56090590363,0.148615772836137,Everyone Active
B Ball 7-11 Mon 16:00,,Hemel Hempstead Leisure Centre,Park Road,Hemel Hempstead,HP1 1JS,51.745522,-0.477252,Everyone Active
Exp 1-4 8-11y Sat 11:00,,Springs Leisure Centre,Bank Road,Sheffield ,S2 2AL,53.35812,-1.43656,Everyone Active
B Ball 11-15 Mon 17:00,,Hemel Hempstead Leisure Centre,Park Road,Hemel Hempstead,HP1 1JS,51.745522,-0.477252,Everyone Active
L1 4-5yrs Fri 14:15,,Horfield Leisure Centre,Dorian Road,Bristol,BS7 0XW,51.4934804071494,-2.58396152883608,Everyone Active
L1 4-5yrs Fri 13:30,,Horfield Leisure Centre,Dorian Road,Bristol,BS7 0XW,51.4934804071494,-2.58396152883608,Everyone Active
Stage 1 Mon 15:45 Tg,,Heeley Pool And Gym,Broadfield Road,Sheffield ,S8 0XQ,53.3591,-1.47929,Everyone Active
Basketball 11-15 Mon 1800,,Harpenden Leisure Centre,Leyton Road,Harpenden ,AL5 2HU,51.81509,-0.35626,Everyone Active
Cc Stage 3,,Godalming Leisure Centre,"Broadwater Park, ",Summers Rd ,GU7 3BH,51.20051,-0.59786,Everyone Active
Stage 1 Wed 1715 Tw,,Ponds Forge Sports Centre,Sheaf Street,Sheffield City Centre,S1 2BP,53.38238,-1.46242,Everyone Active
Stage 1 7+ Wed 1745 Tw,,Ponds Forge Sports Centre,Sheaf Street,Sheffield City Centre,S1 2BP,53.38238,-1.46242,Everyone Active
Picklebal 12-15 Thu 17:00,,Hemel Hempstead Leisure Centre,Park Road,Hemel Hempstead,HP1 1JS,51.745522,-0.477252,Everyone Active
16-18 Tue 18.30 Tm,,Parklands Leisure Centre,Washbrook Lane,Wigston Road,LE2 5QG,52.5923308824238,-1.08855479021303,Everyone Active
Stage 2 Tues 16:15 Ec,,Bedworth Leisure Centre,Coventry Road,Bulkington,CV12 8NN,52.4754554325264,-1.473226117791,Everyone Active
Pickleball 7-11 Thu 16:00,,Hemel Hempstead Leisure Centre,Park Road,Hemel Hempstead,HP1 1JS,51.745522,-0.477252,Everyone Active
Athletics 7-11y Tue 10:00,,Jarman Park Athletics,Jarman Park,Hertfordshire,HP2 4JS,51.746853,-0.455408,Everyone Active
Str Cl Btrfly Thu 1115,,Hillsborough L C,Beulah Road,Sheffield,S6 2AN,53.40786,-1.49629,Everyone Active
Str Cl Breaststrk Th 1030,,Hillsborough L C,Beulah Road,Sheffield,S6 2AN,53.40786,-1.49629,Everyone Active
Str Cl Front Cra Th 0945,,Hillsborough L C,Beulah Road,Sheffield,S6 2AN,53.40786,-1.49629,Everyone Active
Cc Stage 1 (7+),,Northolt Leisure Centre,Eastcote Lane North,Northolt,UB5 4AB,51.54895899624,-0.368393999999966,Everyone Active
Bball 11-15 Mon 17:30,,Berkhamsted Leisure Centre,Lagley Meadow,Douglas Gardens,HP4 3QQ,51.764272,-0.580294,Everyone Active
Basketball 7-11 Tue 16:30,,Berkhamsted Leisure Centre,Lagley Meadow,Douglas Gardens,HP4 3QQ,51.764272,-0.580294,Everyone Active
Basketball 7-11 Tue 16:30,,Berkhamsted Leisure Centre,Lagley Meadow,Douglas Gardens,HP4 3QQ,51.764272,-0.580294,Everyone Active
Quiet Adlt Swim Mon 21:00,,Waveney Valley L C,St John`s Hill,Bungay,NR35 1PH,52.4512,1.44209,Everyone Active
Quiet Adlt Swim Mon 07:00,,Waveney Valley L C,St John`s Hill,Bungay,NR35 1PH,52.4512,1.44209,Everyone Active
Public Swimming Mon 10:00,,Waveney Valley L C,St John`s Hill,Bungay,NR35 1PH,52.4512,1.44209,Everyone Active
Public Swimming Mon 11:00,,Waveney Valley L C,St John`s Hill,Bungay,NR35 1PH,52.4512,1.44209,Everyone Active
Lane Swim Med Mon 12:00,,Waveney Valley L C,St John`s Hill,Bungay,NR35 1PH,52.4512,1.44209,Everyone Active
Lane Swim Slow Mon 08:00,,Waveney Valley L C,St John`s Hill,Bungay,NR35 1PH,52.4512,1.44209,Everyone Active
Lane Swim Slow Mon 12:00,,Waveney Valley L C,St John`s Hill,Bungay,NR35 1PH,52.4512,1.44209,Everyone Active
Barbell B Cond Tue 09:30,,Waveney Valley L C,St John`s Hill,Bungay,NR35 1PH,52.4512,1.44209,Everyone Active
Public Swimming Tue 10:00,,Waveney Valley L C,St John`s Hill,Bungay,NR35 1PH,52.4512,1.44209,Everyone Active
Lane Swim Fast Tue 07:00,,Waveney Valley L C,St John`s Hill,Bungay,NR35 1PH,52.4512,1.44209,Everyone Active
Lane Swim Med Tue 07:00,,Waveney Valley L C,St John`s Hill,Bungay,NR35 1PH,52.4512,1.44209,Everyone Active
Lane Swim Slow Tue 08:00,,Waveney Valley L C,St John`s Hill,Bungay,NR35 1PH,52.4512,1.44209,Everyone Active
Gym 11-13 Yrs Wed 16:30,,Waveney Valley L C,St John`s Hill,Bungay,NR35 1PH,52.4512,1.44209,Everyone Active
Vir R P M Wed 12:00,,Waveney Valley L C,St John`s Hill,Bungay,NR35 1PH,52.4512,1.44209,Everyone Active
Vir ShBam Tue 12:30,,Whitwick & Coalville Lc,Stephenson Way ,Coalville ,LE67 3NU,52.731499,-1.37494,Everyone Active
Health Suite Visit Tue,,Whitwick & Coalville Lc,Stephenson Way ,Coalville ,LE67 3NU,52.731499,-1.37494,Everyone Active
Health Suite Visit Tue,,Whitwick & Coalville Lc,Stephenson Way ,Coalville ,LE67 3NU,52.731499,-1.37494,Everyone Active
Health Suite Visit Tue,,Whitwick & Coalville Lc,Stephenson Way ,Coalville ,LE67 3NU,52.731499,-1.37494,Everyone Active
Health Suite Visit Tue,,Whitwick & Coalville Lc,Stephenson Way ,Coalville ,LE67 3NU,52.731499,-1.37494,Everyone Active
Health Suite Visit Tue,,Whitwick & Coalville Lc,Stephenson Way ,Coalville ,LE67 3NU,52.731499,-1.37494,Everyone Active
GP Ref Gym Tue 10:30,,Whitwick & Coalville Lc,Stephenson Way ,Coalville ,LE67 3NU,52.731499,-1.37494,Everyone Active
Health Suite Visit Tue,,Whitwick & Coalville Lc,Stephenson Way ,Coalville ,LE67 3NU,52.731499,-1.37494,Everyone Active
Public Swimming Mon 09:30,,Whitwick & Coalville Lc,Stephenson Way ,Coalville ,LE67 3NU,52.731499,-1.37494,Everyone Active
Health Suite Visit Tue,,Whitwick & Coalville Lc,Stephenson Way ,Coalville ,LE67 3NU,52.731499,-1.37494,Everyone Active
Parent & Junior Tue 10:00,,Whitwick & Coalville Lc,Stephenson Way ,Coalville ,LE67 3NU,52.731499,-1.37494,Everyone Active
Health Suite Visit Tue,,Whitwick & Coalville Lc,Stephenson Way ,Coalville ,LE67 3NU,52.731499,-1.37494,Everyone Active
Public Swimming Mon 13:30,,Whitwick & Coalville Lc,Stephenson Way ,Coalville ,LE67 3NU,52.731499,-1.37494,Everyone Active
Parent & Junior Tue 11:00,,Whitwick & Coalville Lc,Stephenson Way ,Coalville ,LE67 3NU,52.731499,-1.37494,Everyone Active
Public Swimming Mon 15:45,,Whitwick & Coalville Lc,Stephenson Way ,Coalville ,LE67 3NU,52.731499,-1.37494,Everyone Active
Public Swimming Mon 17:45,,Whitwick & Coalville Lc,Stephenson Way ,Coalville ,LE67 3NU,52.731499,-1.37494,Everyone Active
Gym 14-15 Yrs Tue 10:00,,Whitwick & Coalville Lc,Stephenson Way ,Coalville ,LE67 3NU,52.731499,-1.37494,Everyone Active
Lane Swim Med Mon 06:30,,Whitwick & Coalville Lc,Stephenson Way ,Coalville ,LE67 3NU,52.731499,-1.37494,Everyone Active
Gym 14-15 Yrs Tue 11:00,,Whitwick & Coalville Lc,Stephenson Way ,Coalville ,LE67 3NU,52.731499,-1.37494,Everyone Active
Lane Swim Slow Mon 08:30,,Whitwick & Coalville Lc,Stephenson Way ,Coalville ,LE67 3NU,52.731499,-1.37494,Everyone Active
Public Swimming Wed 10:30,,Whitwick & Coalville Lc,Stephenson Way ,Coalville ,LE67 3NU,52.731499,-1.37494,Everyone Active
Public Swimming Wed 10:30,,Whitwick & Coalville Lc,Stephenson Way ,Coalville ,LE67 3NU,52.731499,-1.37494,Everyone Active
Public Swimming Wed 11:30,,Whitwick & Coalville Lc,Stephenson Way ,Coalville ,LE67 3NU,52.731499,-1.37494,Everyone Active
Public Swimming Fri 10:30,,Whitwick & Coalville Lc,Stephenson Way ,Coalville ,LE67 3NU,52.731499,-1.37494,Everyone Active
Public Swimming Wed 14:30,,Whitwick & Coalville Lc,Stephenson Way ,Coalville ,LE67 3NU,52.731499,-1.37494,Everyone Active
Public Swimming Fri 11:30,,Whitwick & Coalville Lc,Stephenson Way ,Coalville ,LE67 3NU,52.731499,-1.37494,Everyone Active
Public Swimming Wed 16:00,,Whitwick & Coalville Lc,Stephenson Way ,Coalville ,LE67 3NU,52.731499,-1.37494,Everyone Active
Public Swimming Fri 15:45,,Whitwick & Coalville Lc,Stephenson Way ,Coalville ,LE67 3NU,52.731499,-1.37494,Everyone Active
Lane Swim Fast Wed 06:30,,Whitwick & Coalville Lc,Stephenson Way ,Coalville ,LE67 3NU,52.731499,-1.37494,Everyone Active
Lane Swim Fast Fri 06:30,,Whitwick & Coalville Lc,Stephenson Way ,Coalville ,LE67 3NU,52.731499,-1.37494,Everyone Active
Lane Swim Med Wed 08:30,,Whitwick & Coalville Lc,Stephenson Way ,Coalville ,LE67 3NU,52.731499,-1.37494,Everyone Active
Lane Swim Fast Fri 12:30,,Whitwick & Coalville Lc,Stephenson Way ,Coalville ,LE67 3NU,52.731499,-1.37494,Everyone Active
Lane Swim Med Wed 20:30,,Whitwick & Coalville Lc,Stephenson Way ,Coalville ,LE67 3NU,52.731499,-1.37494,Everyone Active
Health Suite Visit Mon,,Whitwick & Coalville Lc,Stephenson Way ,Coalville ,LE67 3NU,52.731499,-1.37494,Everyone Active
Health Suite Visit Mon,,Whitwick & Coalville Lc,Stephenson Way ,Coalville ,LE67 3NU,52.731499,-1.37494,Everyone Active
Health Suite Visit Mon,,Whitwick & Coalville Lc,Stephenson Way ,Coalville ,LE67 3NU,52.731499,-1.37494,Everyone Active
Health Suite Visit Mon,,Whitwick & Coalville Lc,Stephenson Way ,Coalville ,LE67 3NU,52.731499,-1.37494,Everyone Active
Public Swimming Fri 10:30,,Whitwick & Coalville Lc,Stephenson Way ,Coalville ,LE67 3NU,52.731499,-1.37494,Everyone Active
Public Swimming Fri 11:30,,Whitwick & Coalville Lc,Stephenson Way ,Coalville ,LE67 3NU,52.731499,-1.37494,Everyone Active
Public Swimming Mon 11:30,,Whitwick & Coalville Lc,Stephenson Way ,Coalville ,LE67 3NU,52.731499,-1.37494,Everyone Active
Public Swimming Fri 13:30,,Whitwick & Coalville Lc,Stephenson Way ,Coalville ,LE67 3NU,52.731499,-1.37494,Everyone Active
Public Swimming Mon 12:30,,Whitwick & Coalville Lc,Stephenson Way ,Coalville ,LE67 3NU,52.731499,-1.37494,Everyone Active
Public Swimming Fri 14:30,,Whitwick & Coalville Lc,Stephenson Way ,Coalville ,LE67 3NU,52.731499,-1.37494,Everyone Active
Intro 11-15 Yrs Sat 11:00,,Rainham Leisure Centre,Viking Way,Rainham,RM13 9YG,51.52009,0.19339,Everyone Active
Parent & Junior Fri 07:00,,Rainham Leisure Centre,Viking Way,Rainham,RM13 9YG,51.52009,0.19339,Everyone Active
Parent & Junior Sat 16:00,,Rainham Leisure Centre,Viking Way,Rainham,RM13 9YG,51.52009,0.19339,Everyone Active
Vir R P M Sat 14:30,,Rainham Leisure Centre,Viking Way,Rainham,RM13 9YG,51.52009,0.19339,Everyone Active
Parent & Junior Fri 09:00,,Rainham Leisure Centre,Viking Way,Rainham,RM13 9YG,51.52009,0.19339,Everyone Active
Public Swimming Sat 16:00,,Rainham Leisure Centre,Viking Way,Rainham,RM13 9YG,51.52009,0.19339,Everyone Active
Parent & Junior Fri 10:00,,Rainham Leisure Centre,Viking Way,Rainham,RM13 9YG,51.52009,0.19339,Everyone Active
Lane Swim Med Sat 17:00,,Rainham Leisure Centre,Viking Way,Rainham,RM13 9YG,51.52009,0.19339,Everyone Active
Parent & Junior Fri 11:00,,Rainham Leisure Centre,Viking Way,Rainham,RM13 9YG,51.52009,0.19339,Everyone Active
Parent & Junior Sun 08:00,,Rainham Leisure Centre,Viking Way,Rainham,RM13 9YG,51.52009,0.19339,Everyone Active
Parent & Junior Fri 15:00,,Rainham Leisure Centre,Viking Way,Rainham,RM13 9YG,51.52009,0.19339,Everyone Active
Parent & Junior Sun 09:00,,Rainham Leisure Centre,Viking Way,Rainham,RM13 9YG,51.52009,0.19339,Everyone Active
Lane Swim Fast Sat 18:00,,Rainham Leisure Centre,Viking Way,Rainham,RM13 9YG,51.52009,0.19339,Everyone Active
Aqua Aerobics Fri 11:45,,Rainham Leisure Centre,Viking Way,Rainham,RM13 9YG,51.52009,0.19339,Everyone Active
Lane Swim Med Sat 18:00,,Rainham Leisure Centre,Viking Way,Rainham,RM13 9YG,51.52009,0.19339,Everyone Active
Zumba Thu 10:15,,Rainham Leisure Centre,Viking Way,Rainham,RM13 9YG,51.52009,0.19339,Everyone Active
Lane Swim Fast Thu 12:30,,Rainham Leisure Centre,Viking Way,Rainham,RM13 9YG,51.52009,0.19339,Everyone Active
Lane Swim Med Thu 14:30,,Rainham Leisure Centre,Viking Way,Rainham,RM13 9YG,51.52009,0.19339,Everyone Active
Lane Swim Slow Thu 06:00,,Rainham Leisure Centre,Viking Way,Rainham,RM13 9YG,51.52009,0.19339,Everyone Active
Lane Swim Slow Thu 13:30,,Rainham Leisure Centre,Viking Way,Rainham,RM13 9YG,51.52009,0.19339,Everyone Active
Good Boost Thu 09:30,,Rainham Leisure Centre,Viking Way,Rainham,RM13 9YG,51.52009,0.19339,Everyone Active
Parent & Junior Fri 14:00,,Rainham Leisure Centre,Viking Way,Rainham,RM13 9YG,51.52009,0.19339,Everyone Active
Parent & Junior Fri 16:00,,Rainham Leisure Centre,Viking Way,Rainham,RM13 9YG,51.52009,0.19339,Everyone Active
Parent & Junior Fri 18:00,,Rainham Leisure Centre,Viking Way,Rainham,RM13 9YG,51.52009,0.19339,Everyone Active
Free Weights Fri 09:00,,Rainham Leisure Centre,Viking Way,Rainham,RM13 9YG,51.52009,0.19339,Everyone Active
Gym 14-15 Yrs Fri 15:00,,Rainham Leisure Centre,Viking Way,Rainham,RM13 9YG,51.52009,0.19339,Everyone Active
Yoga Fri 09:15,,Rainham Leisure Centre,Viking Way,Rainham,RM13 9YG,51.52009,0.19339,Everyone Active
Lane Swim Fast Fri 08:30,,Rainham Leisure Centre,Viking Way,Rainham,RM13 9YG,51.52009,0.19339,Everyone Active
Lane Swim Med Fri 08:30,,Rainham Leisure Centre,Viking Way,Rainham,RM13 9YG,51.52009,0.19339,Everyone Active
Public Swimming Tue 11:00,,The Dunstable Centre,Court Drive,Dunstable ,LU5 4JD,51.89131,-0.52147,Everyone Active
Family Swimming Sun 14:00,,The Dunstable Centre,Court Drive,Dunstable ,LU5 4JD,51.89131,-0.52147,Everyone Active
Public Swimming Tue 19:00,,The Dunstable Centre,Court Drive,Dunstable ,LU5 4JD,51.89131,-0.52147,Everyone Active
Public Swimming Tue 09:00,,The Dunstable Centre,Court Drive,Dunstable ,LU5 4JD,51.89131,-0.52147,Everyone Active
Family Swimming Sun 17:00,,The Dunstable Centre,Court Drive,Dunstable ,LU5 4JD,51.89131,-0.52147,Everyone Active
Adult Swimming Tue 21:00,,The Dunstable Centre,Court Drive,Dunstable ,LU5 4JD,51.89131,-0.52147,Everyone Active
Disability Swim Tue 10:00,,The Dunstable Centre,Court Drive,Dunstable ,LU5 4JD,51.89131,-0.52147,Everyone Active
Public Swimming Tue 08:00,,The Dunstable Centre,Court Drive,Dunstable ,LU5 4JD,51.89131,-0.52147,Everyone Active
Family Swimming Sun 18:00,,The Dunstable Centre,Court Drive,Dunstable ,LU5 4JD,51.89131,-0.52147,Everyone Active
Public Swimming Tue 14:00,,The Dunstable Centre,Court Drive,Dunstable ,LU5 4JD,51.89131,-0.52147,Everyone Active
Lane Swim Fast Tue 07:00,,The Dunstable Centre,Court Drive,Dunstable ,LU5 4JD,51.89131,-0.52147,Everyone Active
Lane Swim Fast Tue 06:00,,The Dunstable Centre,Court Drive,Dunstable ,LU5 4JD,51.89131,-0.52147,Everyone Active
Public Swimming Sun 13:00,,The Dunstable Centre,Court Drive,Dunstable ,LU5 4JD,51.89131,-0.52147,Everyone Active
Public Swimming Tue 15:00,,The Dunstable Centre,Court Drive,Dunstable ,LU5 4JD,51.89131,-0.52147,Everyone Active
L B T Thu 19:15,,The Dunstable Centre,Court Drive,Dunstable ,LU5 4JD,51.89131,-0.52147,Everyone Active
U5 Fun Swimming Tue 12:00,,The Dunstable Centre,Court Drive,Dunstable ,LU5 4JD,51.89131,-0.52147,Everyone Active
Parent & Junior Sat 08:00,,The Dunstable Centre,Court Drive,Dunstable ,LU5 4JD,51.89131,-0.52147,Everyone Active
Gym 14-15 Yrs Thu 10:00,,The Dunstable Centre,Court Drive,Dunstable ,LU5 4JD,51.89131,-0.52147,Everyone Active
Gym 14-15 Yrs Thu 14:00,,The Dunstable Centre,Court Drive,Dunstable ,LU5 4JD,51.89131,-0.52147,Everyone Active
Adult Swimming Thu 21:00,,The Dunstable Centre,Court Drive,Dunstable ,LU5 4JD,51.89131,-0.52147,Everyone Active
Quiet Adlt Swim Thu 11:00,,The Dunstable Centre,Court Drive,Dunstable ,LU5 4JD,51.89131,-0.52147,Everyone Active
Public Swimming Thu 09:00,,The Dunstable Centre,Court Drive,Dunstable ,LU5 4JD,51.89131,-0.52147,Everyone Active
Public Swimming Thu 14:00,,The Dunstable Centre,Court Drive,Dunstable ,LU5 4JD,51.89131,-0.52147,Everyone Active
Gym 14-15 Yrs Wed 14:45,,The Dunstable Centre,Court Drive,Dunstable ,LU5 4JD,51.89131,-0.52147,Everyone Active
Public Swimming Thu 11:00,,The Dunstable Centre,Court Drive,Dunstable ,LU5 4JD,51.89131,-0.52147,Everyone Active
Zumba Thu 18:00,,The Dunstable Centre,Court Drive,Dunstable ,LU5 4JD,51.89131,-0.52147,Everyone Active
Lane Swim Fast Thu 06:00,,The Dunstable Centre,Court Drive,Dunstable ,LU5 4JD,51.89131,-0.52147,Everyone Active
Gym 14-15 Yrs Wed 15:30,,The Dunstable Centre,Court Drive,Dunstable ,LU5 4JD,51.89131,-0.52147,Everyone Active
Lane Swim Fast Thu 10:00,,The Dunstable Centre,Court Drive,Dunstable ,LU5 4JD,51.89131,-0.52147,Everyone Active
Lane Swim Fast Thu 11:00,,The Dunstable Centre,Court Drive,Dunstable ,LU5 4JD,51.89131,-0.52147,Everyone Active
Lane Swim Slow Wed 06:00,,Green bank Leisure Centre,Civic Way,Swadlincote,DE11 0AD,52.773978207436414,-1.560534046588151,Everyone Active
Sauna Visit Sun 09:00,,Green bank Leisure Centre,Civic Way,Swadlincote,DE11 0AD,52.773978207436414,-1.560534046588151,Everyone Active
Sauna Visit Sun 10:30,,Green bank Leisure Centre,Civic Way,Swadlincote,DE11 0AD,52.773978207436414,-1.560534046588151,Everyone Active
Gym 11-13 Yrs Thu 16:15,,Green bank Leisure Centre,Civic Way,Swadlincote,DE11 0AD,52.773978207436414,-1.560534046588151,Everyone Active
Aqua Aerobics Thu 20:15,,Green bank Leisure Centre,Civic Way,Swadlincote,DE11 0AD,52.773978207436414,-1.560534046588151,Everyone Active
Sauna Visit Sun 12:00,,Green bank Leisure Centre,Civic Way,Swadlincote,DE11 0AD,52.773978207436414,-1.560534046588151,Everyone Active
Parent & Junior Thu 12:00,,Green bank Leisure Centre,Civic Way,Swadlincote,DE11 0AD,52.773978207436414,-1.560534046588151,Everyone Active
Vir R P M Thu 08:00,,Green bank Leisure Centre,Civic Way,Swadlincote,DE11 0AD,52.773978207436414,-1.560534046588151,Everyone Active
Sauna Visit Sun 14:00,,Green bank Leisure Centre,Civic Way,Swadlincote,DE11 0AD,52.773978207436414,-1.560534046588151,Everyone Active
Vir R P M Thu 17:30,,Green bank Leisure Centre,Civic Way,Swadlincote,DE11 0AD,52.773978207436414,-1.560534046588151,Everyone Active
Parent & Junior Thu 14:00,,Green bank Leisure Centre,Civic Way,Swadlincote,DE11 0AD,52.773978207436414,-1.560534046588151,Everyone Active
Yogalates Thu 19:15,,Green bank Leisure Centre,Civic Way,Swadlincote,DE11 0AD,52.773978207436414,-1.560534046588151,Everyone Active
Sauna Visit Sun 15:00,,Green bank Leisure Centre,Civic Way,Swadlincote,DE11 0AD,52.773978207436414,-1.560534046588151,Everyone Active
Zumba Thu 11:00,,Green bank Leisure Centre,Civic Way,Swadlincote,DE11 0AD,52.773978207436414,-1.560534046588151,Everyone Active
Pickleball Thu 10:00,,Green bank Leisure Centre,Civic Way,Swadlincote,DE11 0AD,52.773978207436414,-1.560534046588151,Everyone Active
Sauna Visit Sun 15:30,,Green bank Leisure Centre,Civic Way,Swadlincote,DE11 0AD,52.773978207436414,-1.560534046588151,Everyone Active
Public Swimming Sun 11:00,,Green bank Leisure Centre,Civic Way,Swadlincote,DE11 0AD,52.773978207436414,-1.560534046588151,Everyone Active
Lane Swim Fast Sun 08:00,,Green bank Leisure Centre,Civic Way,Swadlincote,DE11 0AD,52.773978207436414,-1.560534046588151,Everyone Active
Lane Swim Med Sun 08:00,,Green bank Leisure Centre,Civic Way,Swadlincote,DE11 0AD,52.773978207436414,-1.560534046588151,Everyone Active
Sauna Visit Fri 06:00,,Green bank Leisure Centre,Civic Way,Swadlincote,DE11 0AD,52.773978207436414,-1.560534046588151,Everyone Active
Sauna Visit Fri 07:00,,Green bank Leisure Centre,Civic Way,Swadlincote,DE11 0AD,52.773978207436414,-1.560534046588151,Everyone Active
Sauna Visit Fri 07:30,,Green bank Leisure Centre,Civic Way,Swadlincote,DE11 0AD,52.773978207436414,-1.560534046588151,Everyone Active
Sauna Visit Fri 08:30,,Green bank Leisure Centre,Civic Way,Swadlincote,DE11 0AD,52.773978207436414,-1.560534046588151,Everyone Active
Sauna Visit Fri 12:30,,Green bank Leisure Centre,Civic Way,Swadlincote,DE11 0AD,52.773978207436414,-1.560534046588151,Everyone Active
Sauna Visit Fri 17:30,,Green bank Leisure Centre,Civic Way,Swadlincote,DE11 0AD,52.773978207436414,-1.560534046588151,Everyone Active
Sauna Visit Fri 20:30,,Green bank Leisure Centre,Civic Way,Swadlincote,DE11 0AD,52.773978207436414,-1.560534046588151,Everyone Active
BodyPump Thu 18:10,,Green bank Leisure Centre,Civic Way,Swadlincote,DE11 0AD,52.773978207436414,-1.560534046588151,Everyone Active
Vir R P M Thu 07:00,,Green bank Leisure Centre,Civic Way,Swadlincote,DE11 0AD,52.773978207436414,-1.560534046588151,Everyone Active
Vir R P M Thu 13:15,,Green bank Leisure Centre,Civic Way,Swadlincote,DE11 0AD,52.773978207436414,-1.560534046588151,Everyone Active
Sauna Visit Thu 08:00,,Green bank Leisure Centre,Civic Way,Swadlincote,DE11 0AD,52.773978207436414,-1.560534046588151,Everyone Active
Sauna Visit Thu 15:30,,Green bank Leisure Centre,Civic Way,Swadlincote,DE11 0AD,52.773978207436414,-1.560534046588151,Everyone Active
Sauna Visit Thu 16:30,,Green bank Leisure Centre,Civic Way,Swadlincote,DE11 0AD,52.773978207436414,-1.560534046588151,Everyone Active
Sauna Visit Thu 17:30,,Green bank Leisure Centre,Civic Way,Swadlincote,DE11 0AD,52.773978207436414,-1.560534046588151,Everyone Active
Sauna Visit Thu 20:00,,Green bank Leisure Centre,Civic Way,Swadlincote,DE11 0AD,52.773978207436414,-1.560534046588151,Everyone Active
Lane Swim Med Thu 07:00,,Green bank Leisure Centre,Civic Way,Swadlincote,DE11 0AD,52.773978207436414,-1.560534046588151,Everyone Active
Lane Swim Med Thu 08:00,,Green bank Leisure Centre,Civic Way,Swadlincote,DE11 0AD,52.773978207436414,-1.560534046588151,Everyone Active
Fam Features Sat 12:45,,North Herts L C,Baldock Road  ,Letchworth,SG6 2ER,51.977657,-0.2052,Everyone Active
Fam Features Sat 14:15,,North Herts L C,Baldock Road  ,Letchworth,SG6 2ER,51.977657,-0.2052,Everyone Active
Parent & Junior Wed 15:00,,North Herts L C,Baldock Road  ,Letchworth,SG6 2ER,51.977657,-0.2052,Everyone Active
Lane Swim Med Tue 12:30,,North Herts L C,Baldock Road  ,Letchworth,SG6 2ER,51.977657,-0.2052,Everyone Active
Zumba Tue 13:30,,North Herts L C,Baldock Road  ,Letchworth,SG6 2ER,51.977657,-0.2052,Everyone Active
Health Suite 17:00 Thu,,North Herts L C,Baldock Road  ,Letchworth,SG6 2ER,51.977657,-0.2052,Everyone Active
Lane Swim Slow Tue 06:30,,North Herts L C,Baldock Road  ,Letchworth,SG6 2ER,51.977657,-0.2052,Everyone Active
Gym 11-13 Yrs Wed 16:30,,North Herts L C,Baldock Road  ,Letchworth,SG6 2ER,51.977657,-0.2052,Everyone Active
PT Taster Session,,North Herts L C,Baldock Road  ,Letchworth,SG6 2ER,51.977657,-0.2052,Everyone Active
PT Taster Session,,North Herts L C,Baldock Road  ,Letchworth,SG6 2ER,51.977657,-0.2052,Everyone Active
PT Taster Session,,North Herts L C,Baldock Road  ,Letchworth,SG6 2ER,51.977657,-0.2052,Everyone Active
Pilates Mon 09:30,,Watford Woodside Leisure Centre,Horseshoe Lane,Garston,WD25 7HH,51.6957045,-0.391829658895517,Everyone Active
Lane Swim Med Wed 10:30,,Watford Woodside Leisure Centre,Horseshoe Lane,Garston,WD25 7HH,51.6957045,-0.391829658895517,Everyone Active
Vir R P M Mon 09:30,,Watford Woodside Leisure Centre,Horseshoe Lane,Garston,WD25 7HH,51.6957045,-0.391829658895517,Everyone Active
Lane Swim Med Wed 10:30,,Watford Woodside Leisure Centre,Horseshoe Lane,Garston,WD25 7HH,51.6957045,-0.391829658895517,Everyone Active
Active Antz Mon 09:30,,Watford Woodside Leisure Centre,Horseshoe Lane,Garston,WD25 7HH,51.6957045,-0.391829658895517,Everyone Active
Sauna Visit Thu 07:30,,Watford Woodside Leisure Centre,Horseshoe Lane,Garston,WD25 7HH,51.6957045,-0.391829658895517,Everyone Active
Lane Swim Slow Wed 06:30,,Watford Woodside Leisure Centre,Horseshoe Lane,Garston,WD25 7HH,51.6957045,-0.391829658895517,Everyone Active
Sauna Visit Thu 09:30,,Watford Woodside Leisure Centre,Horseshoe Lane,Garston,WD25 7HH,51.6957045,-0.391829658895517,Everyone Active
Lane Swim Slow Wed 07:30,,Watford Woodside Leisure Centre,Horseshoe Lane,Garston,WD25 7HH,51.6957045,-0.391829658895517,Everyone Active
Sauna Visit Thur 10:00,,Watford Woodside Leisure Centre,Horseshoe Lane,Garston,WD25 7HH,51.6957045,-0.391829658895517,Everyone Active
Sauna Visit Sat 08:00,,Watford Woodside Leisure Centre,Horseshoe Lane,Garston,WD25 7HH,51.6957045,-0.391829658895517,Everyone Active
Sauna Visit Thur 10:30,,Watford Woodside Leisure Centre,Horseshoe Lane,Garston,WD25 7HH,51.6957045,-0.391829658895517,Everyone Active
Gym 11-13 Yrs Thu 15:30,,Watford Woodside Leisure Centre,Horseshoe Lane,Garston,WD25 7HH,51.6957045,-0.391829658895517,Everyone Active
Sauna Visit Sat 10:00,,Watford Woodside Leisure Centre,Horseshoe Lane,Garston,WD25 7HH,51.6957045,-0.391829658895517,Everyone Active
Sauna Visit Thu 15:00,,Watford Woodside Leisure Centre,Horseshoe Lane,Garston,WD25 7HH,51.6957045,-0.391829658895517,Everyone Active
Gym 11-13 Yrs Thu 16:30,,Watford Woodside Leisure Centre,Horseshoe Lane,Garston,WD25 7HH,51.6957045,-0.391829658895517,Everyone Active
Parent & Junior Tue 08:00,,Watford Woodside Leisure Centre,Horseshoe Lane,Garston,WD25 7HH,51.6957045,-0.391829658895517,Everyone Active
Sauna Visit Thu 19:30,,Watford Woodside Leisure Centre,Horseshoe Lane,Garston,WD25 7HH,51.6957045,-0.391829658895517,Everyone Active
Parent & Junior Tue 09:00,,Watford Woodside Leisure Centre,Horseshoe Lane,Garston,WD25 7HH,51.6957045,-0.391829658895517,Everyone Active
Vir BodyPump Fri 07:30,,Watford Woodside Leisure Centre,Horseshoe Lane,Garston,WD25 7HH,51.6957045,-0.391829658895517,Everyone Active
Sauna Visit Thu 21:00,,Watford Woodside Leisure Centre,Horseshoe Lane,Garston,WD25 7HH,51.6957045,-0.391829658895517,Everyone Active
Fortis Fri 09:15,,Watford Woodside Leisure Centre,Horseshoe Lane,Garston,WD25 7HH,51.6957045,-0.391829658895517,Everyone Active
Vir Bodyattack Tue 06:15,,Watford Woodside Leisure Centre,Horseshoe Lane,Garston,WD25 7HH,51.6957045,-0.391829658895517,Everyone Active
Family Swimming Thu 12:00,,Watford Woodside Leisure Centre,Horseshoe Lane,Garston,WD25 7HH,51.6957045,-0.391829658895517,Everyone Active
Vir Bodypump Tue 21:15,,Watford Woodside Leisure Centre,Horseshoe Lane,Garston,WD25 7HH,51.6957045,-0.391829658895517,Everyone Active
Totally Shred Fri 12:00,,Watford Woodside Leisure Centre,Horseshoe Lane,Garston,WD25 7HH,51.6957045,-0.391829658895517,Everyone Active
Group Cycle Tue 18:00,,Watford Woodside Leisure Centre,Horseshoe Lane,Garston,WD25 7HH,51.6957045,-0.391829658895517,Everyone Active
Lane Swim Fast Thu 08:30,,Watford Woodside Leisure Centre,Horseshoe Lane,Garston,WD25 7HH,51.6957045,-0.391829658895517,Everyone Active
Combat Tue 18:00,,Watford Woodside Leisure Centre,Horseshoe Lane,Garston,WD25 7HH,51.6957045,-0.391829658895517,Everyone Active
Fortis Tue 09:15,,Watford Woodside Leisure Centre,Horseshoe Lane,Garston,WD25 7HH,51.6957045,-0.391829658895517,Everyone Active
Lane Swim Med Thu 07:30,,Watford Woodside Leisure Centre,Horseshoe Lane,Garston,WD25 7HH,51.6957045,-0.391829658895517,Everyone Active
Lm Dance Tue 19:00,,Watford Woodside Leisure Centre,Horseshoe Lane,Garston,WD25 7HH,51.6957045,-0.391829658895517,Everyone Active
Lane Swim Med Thu 07:30,,Watford Woodside Leisure Centre,Horseshoe Lane,Garston,WD25 7HH,51.6957045,-0.391829658895517,Everyone Active
E A - Rejuven Tue 13:00,,Watford Woodside Leisure Centre,Horseshoe Lane,Garston,WD25 7HH,51.6957045,-0.391829658895517,Everyone Active
Vir R P M Tue 06:45,,Watford Woodside Leisure Centre,Horseshoe Lane,Garston,WD25 7HH,51.6957045,-0.391829658895517,Everyone Active
Lane Swim Med Thu 10:30,,Watford Woodside Leisure Centre,Horseshoe Lane,Garston,WD25 7HH,51.6957045,-0.391829658895517,Everyone Active
Vir R P M Tue 19:30,,Watford Woodside Leisure Centre,Horseshoe Lane,Garston,WD25 7HH,51.6957045,-0.391829658895517,Everyone Active
Beginner Yoga Tue 10:30,,Watford Woodside Leisure Centre,Horseshoe Lane,Garston,WD25 7HH,51.6957045,-0.391829658895517,Everyone Active
Sauna Visit Wed 12:30,,Watford Woodside Leisure Centre,Horseshoe Lane,Garston,WD25 7HH,51.6957045,-0.391829658895517,Everyone Active
Sauna Visit Wed 15:00,,Watford Woodside Leisure Centre,Horseshoe Lane,Garston,WD25 7HH,51.6957045,-0.391829658895517,Everyone Active
Sauna Visit Wed 16:00,,Watford Woodside Leisure Centre,Horseshoe Lane,Garston,WD25 7HH,51.6957045,-0.391829658895517,Everyone Active
Sauna Visit Wed 18:00,,Watford Woodside Leisure Centre,Horseshoe Lane,Garston,WD25 7HH,51.6957045,-0.391829658895517,Everyone Active
Family Swimming Wed 14:00,,Watford Woodside Leisure Centre,Horseshoe Lane,Garston,WD25 7HH,51.6957045,-0.391829658895517,Everyone Active
Lane Swim Fast Wed 06:30,,Watford Woodside Leisure Centre,Horseshoe Lane,Garston,WD25 7HH,51.6957045,-0.391829658895517,Everyone Active
Lane Swim Fast Wed 08:30,,Watford Woodside Leisure Centre,Horseshoe Lane,Garston,WD25 7HH,51.6957045,-0.391829658895517,Everyone Active
Lane Swim Med Wed 07:30,,Watford Woodside Leisure Centre,Horseshoe Lane,Garston,WD25 7HH,51.6957045,-0.391829658895517,Everyone Active
Lane Swim Slow Wed 08:30,,Watford Woodside Leisure Centre,Horseshoe Lane,Garston,WD25 7HH,51.6957045,-0.391829658895517,Everyone Active
Good Boost Wed 15:00,,Watford Woodside Leisure Centre,Horseshoe Lane,Garston,WD25 7HH,51.6957045,-0.391829658895517,Everyone Active
Intro 11-15 Yrs Thu 17:30,,Watford Woodside Leisure Centre,Horseshoe Lane,Garston,WD25 7HH,51.6957045,-0.391829658895517,Everyone Active
Parent & Junior Thu 10:00,,Watford Woodside Leisure Centre,Horseshoe Lane,Garston,WD25 7HH,51.6957045,-0.391829658895517,Everyone Active
Parent & Junior Thu 11:00,,Watford Woodside Leisure Centre,Horseshoe Lane,Garston,WD25 7HH,51.6957045,-0.391829658895517,Everyone Active
Parent & Junior Thu 14:00,,Watford Woodside Leisure Centre,Horseshoe Lane,Garston,WD25 7HH,51.6957045,-0.391829658895517,Everyone Active
Gym 14-15 Yrs Thu 17:30,,Watford Woodside Leisure Centre,Horseshoe Lane,Garston,WD25 7HH,51.6957045,-0.391829658895517,Everyone Active
Vir Bodypump Thu 10:00,,Watford Woodside Leisure Centre,Horseshoe Lane,Garston,WD25 7HH,51.6957045,-0.391829658895517,Everyone Active
Line Dancing Thu 14:00,,Watford Woodside Leisure Centre,Horseshoe Lane,Garston,WD25 7HH,51.6957045,-0.391829658895517,Everyone Active
Vir R P M Thu 06:15,,Watford Woodside Leisure Centre,Horseshoe Lane,Garston,WD25 7HH,51.6957045,-0.391829658895517,Everyone Active
Vir R P M Thu 17:30,,Watford Woodside Leisure Centre,Horseshoe Lane,Garston,WD25 7HH,51.6957045,-0.391829658895517,Everyone Active
Vir R P M Thu 19:15,,Watford Woodside Leisure Centre,Horseshoe Lane,Garston,WD25 7HH,51.6957045,-0.391829658895517,Everyone Active
Active Antz Thu 10:30,,Watford Woodside Leisure Centre,Horseshoe Lane,Garston,WD25 7HH,51.6957045,-0.391829658895517,Everyone Active
Back 2 Netball Thu 19:00,,Watford Woodside Leisure Centre,Horseshoe Lane,Garston,WD25 7HH,51.6957045,-0.391829658895517,Everyone Active
Lane Swim Med Wed 09:00,,Wickford Swim and Fitness Centre,Market Avenue,Wickford,SS12 0AG,51.6139529326577,0.518509407409737,Everyone Active
Lane Swim Slow Wed 08:00,,Wickford Swim and Fitness Centre,Market Avenue,Wickford,SS12 0AG,51.6139529326577,0.518509407409737,Everyone Active
Lane Swim Slow Mon 08:00,,Wickford Swim and Fitness Centre,Market Avenue,Wickford,SS12 0AG,51.6139529326577,0.518509407409737,Everyone Active
Lane Swim Slow Wed 20:30,,Wickford Swim and Fitness Centre,Market Avenue,Wickford,SS12 0AG,51.6139529326577,0.518509407409737,Everyone Active
Parent & Junior Thu 08:00,,Wickford Swim and Fitness Centre,Market Avenue,Wickford,SS12 0AG,51.6139529326577,0.518509407409737,Everyone Active
Parent & Junior Thu 11:00,,Wickford Swim and Fitness Centre,Market Avenue,Wickford,SS12 0AG,51.6139529326577,0.518509407409737,Everyone Active
Parent & Junior Thu 20:00,,Wickford Swim and Fitness Centre,Market Avenue,Wickford,SS12 0AG,51.6139529326577,0.518509407409737,Everyone Active
Parent & Junior Tue 06:00,,Wickford Swim and Fitness Centre,Market Avenue,Wickford,SS12 0AG,51.6139529326577,0.518509407409737,Everyone Active
Cardio Thu 18:00,,Wickford Swim and Fitness Centre,Market Avenue,Wickford,SS12 0AG,51.6139529326577,0.518509407409737,Everyone Active
Gym 14-15 Yrs Thu 18:00,,Wickford Swim and Fitness Centre,Market Avenue,Wickford,SS12 0AG,51.6139529326577,0.518509407409737,Everyone Active
Parent & Junior Tue 12:00,,Wickford Swim and Fitness Centre,Market Avenue,Wickford,SS12 0AG,51.6139529326577,0.518509407409737,Everyone Active
BodyPump Thu 18:00,,Wickford Swim and Fitness Centre,Market Avenue,Wickford,SS12 0AG,51.6139529326577,0.518509407409737,Everyone Active
Parent & Junior Tue 13:00,,Wickford Swim and Fitness Centre,Market Avenue,Wickford,SS12 0AG,51.6139529326577,0.518509407409737,Everyone Active
Public Swimming Thu 15:00,,Wickford Swim and Fitness Centre,Market Avenue,Wickford,SS12 0AG,51.6139529326577,0.518509407409737,Everyone Active
Aqua Aerobics Tue 13:00,,Wickford Swim and Fitness Centre,Market Avenue,Wickford,SS12 0AG,51.6139529326577,0.518509407409737,Everyone Active
Public Swimming Thu 19:45,,Wickford Swim and Fitness Centre,Market Avenue,Wickford,SS12 0AG,51.6139529326577,0.518509407409737,Everyone Active
Lane Swim Slow Sat 13:00,,Wickford Swim and Fitness Centre,Market Avenue,Wickford,SS12 0AG,51.6139529326577,0.518509407409737,Everyone Active
Lane Swim Med Thu 08:00,,Wickford Swim and Fitness Centre,Market Avenue,Wickford,SS12 0AG,51.6139529326577,0.518509407409737,Everyone Active
BodyCombat Tue 09:30,,Wickford Swim and Fitness Centre,Market Avenue,Wickford,SS12 0AG,51.6139529326577,0.518509407409737,Everyone Active
Splash Pad Sat 12:00,,Watford Central Leisure Centre,Peace Prospect,Watford,WD17 3HA,51.660335200252,-0.404626933729559,Everyone Active
Splash Pad Sat 14:00,,Watford Central Leisure Centre,Peace Prospect,Watford,WD17 3HA,51.660335200252,-0.404626933729559,Everyone Active
Splash Pad Sat 16:00,,Watford Central Leisure Centre,Peace Prospect,Watford,WD17 3HA,51.660335200252,-0.404626933729559,Everyone Active
Parent & Junior Sun 13:00,,Watford Central Leisure Centre,Peace Prospect,Watford,WD17 3HA,51.660335200252,-0.404626933729559,Everyone Active
Gym 14-15 Yrs Sun 09:00,,Watford Central Leisure Centre,Peace Prospect,Watford,WD17 3HA,51.660335200252,-0.404626933729559,Everyone Active
Gym 14-15 Yrs Sun 11:00,,Watford Central Leisure Centre,Peace Prospect,Watford,WD17 3HA,51.660335200252,-0.404626933729559,Everyone Active
Vir Bodybalance Sun 08:00,,Watford Central Leisure Centre,Peace Prospect,Watford,WD17 3HA,51.660335200252,-0.404626933729559,Everyone Active
Lane Swim Fast Wed 08:00,,Watford Central Leisure Centre,Peace Prospect,Watford,WD17 3HA,51.660335200252,-0.404626933729559,Everyone Active
Lane Swim Fast Wed 09:00,,Watford Central Leisure Centre,Peace Prospect,Watford,WD17 3HA,51.660335200252,-0.404626933729559,Everyone Active
Boxercise Sun 09:00,,Watford Central Leisure Centre,Peace Prospect,Watford,WD17 3HA,51.660335200252,-0.404626933729559,Everyone Active
Lane Swim Fast Wed 12:00,,Watford Central Leisure Centre,Peace Prospect,Watford,WD17 3HA,51.660335200252,-0.404626933729559,Everyone Active
Vir Group Cycle Sun 08:00,,Watford Central Leisure Centre,Peace Prospect,Watford,WD17 3HA,51.660335200252,-0.404626933729559,Everyone Active
Lane Swim Fast Wed 20:30,,Watford Central Leisure Centre,Peace Prospect,Watford,WD17 3HA,51.660335200252,-0.404626933729559,Everyone Active
Lm Dance Sun 10:30,,Watford Central Leisure Centre,Peace Prospect,Watford,WD17 3HA,51.660335200252,-0.404626933729559,Everyone Active
Lane Swim Slow Wed 12:00,,Watford Central Leisure Centre,Peace Prospect,Watford,WD17 3HA,51.660335200252,-0.404626933729559,Everyone Active
Boxing Fitness Sun 09:00,,Watford Central Leisure Centre,Peace Prospect,Watford,WD17 3HA,51.660335200252,-0.404626933729559,Everyone Active
Lane Swim Slow Wed 20:30,,Watford Central Leisure Centre,Peace Prospect,Watford,WD17 3HA,51.660335200252,-0.404626933729559,Everyone Active
Soft Play Mon 14:30,,Lammas Leisure Centre,Lammas Road,Sutton-in-Ashfield,NG17 2AD,53.1258987999999,-1.2680679,Everyone Active
Public Skate Mon 11:30,,Lammas Leisure Centre,Lammas Road,Sutton-in-Ashfield,NG17 2AD,53.1258987999999,-1.2680679,Everyone Active
Public Skate Tue 11:30,,Lammas Leisure Centre,Lammas Road,Sutton-in-Ashfield,NG17 2AD,53.1258987999999,-1.2680679,Everyone Active
Parent & Junior Wed 14:00,,Lammas Leisure Centre,Lammas Road,Sutton-in-Ashfield,NG17 2AD,53.1258987999999,-1.2680679,Everyone Active
Gym 11-13 Yrs Wed 15:15,,Lammas Leisure Centre,Lammas Road,Sutton-in-Ashfield,NG17 2AD,53.1258987999999,-1.2680679,Everyone Active
Public Skate Tue 17:00,,Lammas Leisure Centre,Lammas Road,Sutton-in-Ashfield,NG17 2AD,53.1258987999999,-1.2680679,Everyone Active
Intro 11-15 Yrs Wed 16:45,,Lammas Leisure Centre,Lammas Road,Sutton-in-Ashfield,NG17 2AD,53.1258987999999,-1.2680679,Everyone Active
Parent & Junior Wed 19:30,,Lammas Leisure Centre,Lammas Road,Sutton-in-Ashfield,NG17 2AD,53.1258987999999,-1.2680679,Everyone Active
Parent & Junior Wed 17:30,,Lammas Leisure Centre,Lammas Road,Sutton-in-Ashfield,NG17 2AD,53.1258987999999,-1.2680679,Everyone Active
Lane Swim Fast Tue 06:00,,Lammas Leisure Centre,Lammas Road,Sutton-in-Ashfield,NG17 2AD,53.1258987999999,-1.2680679,Everyone Active
Parent & Junior Wed 20:30,,Lammas Leisure Centre,Lammas Road,Sutton-in-Ashfield,NG17 2AD,53.1258987999999,-1.2680679,Everyone Active
Gym 14-15 Yrs Wed 09:00,,Lammas Leisure Centre,Lammas Road,Sutton-in-Ashfield,NG17 2AD,53.1258987999999,-1.2680679,Everyone Active
Gym 14-15 Yrs Wed 10:00,,Lammas Leisure Centre,Lammas Road,Sutton-in-Ashfield,NG17 2AD,53.1258987999999,-1.2680679,Everyone Active
Lane Swim Fast Tue 12:00,,Lammas Leisure Centre,Lammas Road,Sutton-in-Ashfield,NG17 2AD,53.1258987999999,-1.2680679,Everyone Active
Free Weights Wed 14;00,,Lammas Leisure Centre,Lammas Road,Sutton-in-Ashfield,NG17 2AD,53.1258987999999,-1.2680679,Everyone Active
Gym 14-15 Yrs Wed 14:00,,Lammas Leisure Centre,Lammas Road,Sutton-in-Ashfield,NG17 2AD,53.1258987999999,-1.2680679,Everyone Active
Bodypump Wed 09:15,,Lammas Leisure Centre,Lammas Road,Sutton-in-Ashfield,NG17 2AD,53.1258987999999,-1.2680679,Everyone Active
Lane Swim Med Tue 07:00,,Lammas Leisure Centre,Lammas Road,Sutton-in-Ashfield,NG17 2AD,53.1258987999999,-1.2680679,Everyone Active
Vir BodyAttack Wed 17:15,,Lammas Leisure Centre,Lammas Road,Sutton-in-Ashfield,NG17 2AD,53.1258987999999,-1.2680679,Everyone Active
Bodypump Wed 18:00,,Lammas Leisure Centre,Lammas Road,Sutton-in-Ashfield,NG17 2AD,53.1258987999999,-1.2680679,Everyone Active
Lane Swim Med Tue 08:00,,Lammas Leisure Centre,Lammas Road,Sutton-in-Ashfield,NG17 2AD,53.1258987999999,-1.2680679,Everyone Active
Gym 14-15 Yrs Wed 07:00,,Lammas Leisure Centre,Lammas Road,Sutton-in-Ashfield,NG17 2AD,53.1258987999999,-1.2680679,Everyone Active
Vir R P M Wed 12:15,,Lammas Leisure Centre,Lammas Road,Sutton-in-Ashfield,NG17 2AD,53.1258987999999,-1.2680679,Everyone Active
Lane Swim Med Tue 12:00,,Lammas Leisure Centre,Lammas Road,Sutton-in-Ashfield,NG17 2AD,53.1258987999999,-1.2680679,Everyone Active
Gym 14-15 Yrs Wed 12:00,,Lammas Leisure Centre,Lammas Road,Sutton-in-Ashfield,NG17 2AD,53.1258987999999,-1.2680679,Everyone Active
Vir R P M Wed 14:15,,Lammas Leisure Centre,Lammas Road,Sutton-in-Ashfield,NG17 2AD,53.1258987999999,-1.2680679,Everyone Active
Lane Swim Med Thu 08:00,,Lammas Leisure Centre,Lammas Road,Sutton-in-Ashfield,NG17 2AD,53.1258987999999,-1.2680679,Everyone Active
Lane Swim Med Thu 11:45,,Lammas Leisure Centre,Lammas Road,Sutton-in-Ashfield,NG17 2AD,53.1258987999999,-1.2680679,Everyone Active
Ninja Tag Fri 16:15,,Lammas Leisure Centre,Lammas Road,Sutton-in-Ashfield,NG17 2AD,53.1258987999999,-1.2680679,Everyone Active
Skate Patch Thu 17:15,,Lammas Leisure Centre,Lammas Road,Sutton-in-Ashfield,NG17 2AD,53.1258987999999,-1.2680679,Everyone Active
Lane Swim Med Thu 11:45,,Lammas Leisure Centre,Lammas Road,Sutton-in-Ashfield,NG17 2AD,53.1258987999999,-1.2680679,Everyone Active
Family Swimming Thu 18:00,,Lammas Leisure Centre,Lammas Road,Sutton-in-Ashfield,NG17 2AD,53.1258987999999,-1.2680679,Everyone Active
Lane Swim Slow Thu 06:00,,Lammas Leisure Centre,Lammas Road,Sutton-in-Ashfield,NG17 2AD,53.1258987999999,-1.2680679,Everyone Active
Public Swimming Thu 07:00,,Lammas Leisure Centre,Lammas Road,Sutton-in-Ashfield,NG17 2AD,53.1258987999999,-1.2680679,Everyone Active
Lane Swim Slow Thu 11:45,,Lammas Leisure Centre,Lammas Road,Sutton-in-Ashfield,NG17 2AD,53.1258987999999,-1.2680679,Everyone Active
Ice Disco Fri 17:00,,Lammas Leisure Centre,Lammas Road,Sutton-in-Ashfield,NG17 2AD,53.1258987999999,-1.2680679,Everyone Active
Lane Swim Fast Thu 07:00,,Lammas Leisure Centre,Lammas Road,Sutton-in-Ashfield,NG17 2AD,53.1258987999999,-1.2680679,Everyone Active
Family Swimming Fri 19:00,,Lammas Leisure Centre,Lammas Road,Sutton-in-Ashfield,NG17 2AD,53.1258987999999,-1.2680679,Everyone Active
Pt Taster Session,,Lammas Leisure Centre,Lammas Road,Sutton-in-Ashfield,NG17 2AD,53.1258987999999,-1.2680679,Everyone Active
Public Swimming Fri 07:00,,Lammas Leisure Centre,Lammas Road,Sutton-in-Ashfield,NG17 2AD,53.1258987999999,-1.2680679,Everyone Active
Lane Swim Fast Thu 08:00,,Lammas Leisure Centre,Lammas Road,Sutton-in-Ashfield,NG17 2AD,53.1258987999999,-1.2680679,Everyone Active
Ninja Tag Sat 14:30,,Lammas Leisure Centre,Lammas Road,Sutton-in-Ashfield,NG17 2AD,53.1258987999999,-1.2680679,Everyone Active
Lane Swim Slow Thu 07:00,,Lammas Leisure Centre,Lammas Road,Sutton-in-Ashfield,NG17 2AD,53.1258987999999,-1.2680679,Everyone Active
Lane Swim Med Fri 15:00,,Lammas Leisure Centre,Lammas Road,Sutton-in-Ashfield,NG17 2AD,53.1258987999999,-1.2680679,Everyone Active
Lane Swim Slow Thu 08:00,,Lammas Leisure Centre,Lammas Road,Sutton-in-Ashfield,NG17 2AD,53.1258987999999,-1.2680679,Everyone Active
Ninja Tag Sat 14:45,,Lammas Leisure Centre,Lammas Road,Sutton-in-Ashfield,NG17 2AD,53.1258987999999,-1.2680679,Everyone Active
Lane Swim Slow Fri 07:00,,Lammas Leisure Centre,Lammas Road,Sutton-in-Ashfield,NG17 2AD,53.1258987999999,-1.2680679,Everyone Active
Parent & Junior Fri 14:00,,Lammas Leisure Centre,Lammas Road,Sutton-in-Ashfield,NG17 2AD,53.1258987999999,-1.2680679,Everyone Active
Gym 14-15 Yrs Fri 07:00,,Lammas Leisure Centre,Lammas Road,Sutton-in-Ashfield,NG17 2AD,53.1258987999999,-1.2680679,Everyone Active
Lane Swim Slow Fri 14:00,,Lammas Leisure Centre,Lammas Road,Sutton-in-Ashfield,NG17 2AD,53.1258987999999,-1.2680679,Everyone Active
Gym 14-15 Yrs Fri 14:00,,Lammas Leisure Centre,Lammas Road,Sutton-in-Ashfield,NG17 2AD,53.1258987999999,-1.2680679,Everyone Active
Lane Swim Slow Fri 06:00,,Lammas Leisure Centre,Lammas Road,Sutton-in-Ashfield,NG17 2AD,53.1258987999999,-1.2680679,Everyone Active
Vir BodyPump Fri 15:15,,Lammas Leisure Centre,Lammas Road,Sutton-in-Ashfield,NG17 2AD,53.1258987999999,-1.2680679,Everyone Active
Group Cycle Fri 09:15,,Lammas Leisure Centre,Lammas Road,Sutton-in-Ashfield,NG17 2AD,53.1258987999999,-1.2680679,Everyone Active
Vir R P M Fri 16:30,,Lammas Leisure Centre,Lammas Road,Sutton-in-Ashfield,NG17 2AD,53.1258987999999,-1.2680679,Everyone Active
Parent & Junior Sat 10:00,,Lammas Leisure Centre,Lammas Road,Sutton-in-Ashfield,NG17 2AD,53.1258987999999,-1.2680679,Everyone Active
Ninja Tag Fri 16:00,,Lammas Leisure Centre,Lammas Road,Sutton-in-Ashfield,NG17 2AD,53.1258987999999,-1.2680679,Everyone Active
Ninja Tag Fri 16:30,,Lammas Leisure Centre,Lammas Road,Sutton-in-Ashfield,NG17 2AD,53.1258987999999,-1.2680679,Everyone Active
Parent & Junior Sat 12:00,,Lammas Leisure Centre,Lammas Road,Sutton-in-Ashfield,NG17 2AD,53.1258987999999,-1.2680679,Everyone Active
Lane Swim Slow Mon 13:00,,Hartham Leisure Centre,Hartham Lane,Hartham Common,SG14 1QR,51.79881,-0.07869,Everyone Active
Aqua Deep Mon 20:00,,Hartham Leisure Centre,Hartham Lane,Hartham Common,SG14 1QR,51.79881,-0.07869,Everyone Active
Pilates Mon 13:30,,Hartham Leisure Centre,Hartham Lane,Hartham Common,SG14 1QR,51.79881,-0.07869,Everyone Active
Lane Swim Slow Mon 19:00,,Hartham Leisure Centre,Hartham Lane,Hartham Common,SG14 1QR,51.79881,-0.07869,Everyone Active
BodyBalance Mon 18:00,,Hartham Leisure Centre,Hartham Lane,Hartham Common,SG14 1QR,51.79881,-0.07869,Everyone Active
Pilates Mon 20:30,,Hartham Leisure Centre,Hartham Lane,Hartham Common,SG14 1QR,51.79881,-0.07869,Everyone Active
Lane Swim Slow Mon 21:00,,Hartham Leisure Centre,Hartham Lane,Hartham Common,SG14 1QR,51.79881,-0.07869,Everyone Active
Group Cycle Mon 17:30,,Hartham Leisure Centre,Hartham Lane,Hartham Common,SG14 1QR,51.79881,-0.07869,Everyone Active
Reform Fitcore Mon 07:30,,Hartham Leisure Centre,Hartham Lane,Hartham Common,SG14 1QR,51.79881,-0.07869,Everyone Active
Lm Shapes Sun 08:30,,Hartham Leisure Centre,Hartham Lane,Hartham Common,SG14 1QR,51.79881,-0.07869,Everyone Active
Reform Fitcore Mon 09:15,,Hartham Leisure Centre,Hartham Lane,Hartham Common,SG14 1QR,51.79881,-0.07869,Everyone Active
Quiet Adlt Swim Fri 13:30,,Hartham Leisure Centre,Hartham Lane,Hartham Common,SG14 1QR,51.79881,-0.07869,Everyone Active
Reform Fitcore Mon 12:30,,Hartham Leisure Centre,Hartham Lane,Hartham Common,SG14 1QR,51.79881,-0.07869,Everyone Active
Reform Ignite Mon 19:30,,Hartham Leisure Centre,Hartham Lane,Hartham Common,SG14 1QR,51.79881,-0.07869,Everyone Active
Vir R P M Mon 09:30,,Hartham Leisure Centre,Hartham Lane,Hartham Common,SG14 1QR,51.79881,-0.07869,Everyone Active
Soft Play Mon 10:00,,Hartham Leisure Centre,Hartham Lane,Hartham Common,SG14 1QR,51.79881,-0.07869,Everyone Active
Family Swimming Fri 14:30,,Hartham Leisure Centre,Hartham Lane,Hartham Common,SG14 1QR,51.79881,-0.07869,Everyone Active
Soft Play Event Mon 12:00,,Hartham Leisure Centre,Hartham Lane,Hartham Common,SG14 1QR,51.79881,-0.07869,Everyone Active
Soft Play Mon 11:00,,Hartham Leisure Centre,Hartham Lane,Hartham Common,SG14 1QR,51.79881,-0.07869,Everyone Active
Family Swimming Fri 18:00,,Hartham Leisure Centre,Hartham Lane,Hartham Common,SG14 1QR,51.79881,-0.07869,Everyone Active
Gym 11-13 Yrs Tue 15:30,,Hartham Leisure Centre,Hartham Lane,Hartham Common,SG14 1QR,51.79881,-0.07869,Everyone Active
Soft Play Mon 15:00,,Hartham Leisure Centre,Hartham Lane,Hartham Common,SG14 1QR,51.79881,-0.07869,Everyone Active
Lane Swim Fast Fri 11:30,,Hartham Leisure Centre,Hartham Lane,Hartham Common,SG14 1QR,51.79881,-0.07869,Everyone Active
Soft Play Event Wed 12:00,,Hartham Leisure Centre,Hartham Lane,Hartham Common,SG14 1QR,51.79881,-0.07869,Everyone Active
Parent & Junior Thu 09:00,,Hartham Leisure Centre,Hartham Lane,Hartham Common,SG14 1QR,51.79881,-0.07869,Everyone Active
Parent & Junior Thu 12:00,,Hartham Leisure Centre,Hartham Lane,Hartham Common,SG14 1QR,51.79881,-0.07869,Everyone Active
BodyPump Tue 08:00,,Hartham Leisure Centre,Hartham Lane,Hartham Common,SG14 1QR,51.79881,-0.07869,Everyone Active
Parent & Junior Thu 13:00,,Hartham Leisure Centre,Hartham Lane,Hartham Common,SG14 1QR,51.79881,-0.07869,Everyone Active
BodyPump Tue 10:15,,Hartham Leisure Centre,Hartham Lane,Hartham Common,SG14 1QR,51.79881,-0.07869,Everyone Active
Parent & Junior Thu 14:00,,Hartham Leisure Centre,Hartham Lane,Hartham Common,SG14 1QR,51.79881,-0.07869,Everyone Active
Group Cycle Tue 19:30,,Hartham Leisure Centre,Hartham Lane,Hartham Common,SG14 1QR,51.79881,-0.07869,Everyone Active
Parent & Junior Thu 18:00,,Hartham Leisure Centre,Hartham Lane,Hartham Common,SG14 1QR,51.79881,-0.07869,Everyone Active
Pilates Tue 18:15,,Hartham Leisure Centre,Hartham Lane,Hartham Common,SG14 1QR,51.79881,-0.07869,Everyone Active
Parent & Junior Thu 19:00,,Hartham Leisure Centre,Hartham Lane,Hartham Common,SG14 1QR,51.79881,-0.07869,Everyone Active
Family Swimming Tue 14:30,,Hartham Leisure Centre,Hartham Lane,Hartham Common,SG14 1QR,51.79881,-0.07869,Everyone Active
Reform Fitcore Tue 09:15,,Hartham Leisure Centre,Hartham Lane,Hartham Common,SG14 1QR,51.79881,-0.07869,Everyone Active
Cardio Eqmt Thu 14:30,,Hartham Leisure Centre,Hartham Lane,Hartham Common,SG14 1QR,51.79881,-0.07869,Everyone Active
Public Swimming Tue 07:30,,Hartham Leisure Centre,Hartham Lane,Hartham Common,SG14 1QR,51.79881,-0.07869,Everyone Active
Vinyasa Yoga Tue 19:15,,Hartham Leisure Centre,Hartham Lane,Hartham Common,SG14 1QR,51.79881,-0.07869,Everyone Active
Vir The Trip Fri 06:30,,Hartham Leisure Centre,Hartham Lane,Hartham Common,SG14 1QR,51.79881,-0.07869,Everyone Active
Family Swimming Fri 11:30,,Hartham Leisure Centre,Hartham Lane,Hartham Common,SG14 1QR,51.79881,-0.07869,Everyone Active
Lane Swim Med Fri 06:30,,Hartham Leisure Centre,Hartham Lane,Hartham Common,SG14 1QR,51.79881,-0.07869,Everyone Active
Public Swimming Fri 20:00,,Hartham Leisure Centre,Hartham Lane,Hartham Common,SG14 1QR,51.79881,-0.07869,Everyone Active
Gp Refer Wed 11:30,,Hartham Leisure Centre,Hartham Lane,Hartham Common,SG14 1QR,51.79881,-0.07869,Everyone Active
Lane Swim Med Fri 15:00,,Hartham Leisure Centre,Hartham Lane,Hartham Common,SG14 1QR,51.79881,-0.07869,Everyone Active
Lane Swim Fast Fri 07:30,,Hartham Leisure Centre,Hartham Lane,Hartham Common,SG14 1QR,51.79881,-0.07869,Everyone Active
Lane Swim Slow Fri 12:30,,Hartham Leisure Centre,Hartham Lane,Hartham Common,SG14 1QR,51.79881,-0.07869,Everyone Active
Soft Play Event Fri 12:00,,Hartham Leisure Centre,Hartham Lane,Hartham Common,SG14 1QR,51.79881,-0.07869,Everyone Active
Lane Swim Fast Fri 18:00,,Hartham Leisure Centre,Hartham Lane,Hartham Common,SG14 1QR,51.79881,-0.07869,Everyone Active
Parent & Junior Thu 06:00,,Hartham Leisure Centre,Hartham Lane,Hartham Common,SG14 1QR,51.79881,-0.07869,Everyone Active
Lane Swim Slow Fri 19:00,,Hartham Leisure Centre,Hartham Lane,Hartham Common,SG14 1QR,51.79881,-0.07869,Everyone Active
Lane Swim Fast Fri 19:00,,Hartham Leisure Centre,Hartham Lane,Hartham Common,SG14 1QR,51.79881,-0.07869,Everyone Active
Parent & Junior Thu 10:00,,Hartham Leisure Centre,Hartham Lane,Hartham Common,SG14 1QR,51.79881,-0.07869,Everyone Active
Lane Swim Slow Fri 20:00,,Hartham Leisure Centre,Hartham Lane,Hartham Common,SG14 1QR,51.79881,-0.07869,Everyone Active
Lane Swim Fast Fri 20:00,,Hartham Leisure Centre,Hartham Lane,Hartham Common,SG14 1QR,51.79881,-0.07869,Everyone Active
Parent & Junior Thu 20:00,,Hartham Leisure Centre,Hartham Lane,Hartham Common,SG14 1QR,51.79881,-0.07869,Everyone Active
Lane Swim Med Fri 07:30,,Hartham Leisure Centre,Hartham Lane,Hartham Common,SG14 1QR,51.79881,-0.07869,Everyone Active
Adult Swimming Fri 10:00,,Wythenshawe Forum Leisure Centre,Simons Way,Wythenshawe,M22 5RX,53.380323,-2.265142,Everyone Active
Public Swimming Fri 15:00,,Wythenshawe Forum Leisure Centre,Simons Way,Wythenshawe,M22 5RX,53.380323,-2.265142,Everyone Active
No Strings(beg) Wed 12:00,,Wythenshawe Forum Leisure Centre,Simons Way,Wythenshawe,M22 5RX,53.380323,-2.265142,Everyone Active
Lane Swim Fast Fri 07:30,,Wythenshawe Forum Leisure Centre,Simons Way,Wythenshawe,M22 5RX,53.380323,-2.265142,Everyone Active
Lane Swim Med Fri 12:00,,Wythenshawe Forum Leisure Centre,Simons Way,Wythenshawe,M22 5RX,53.380323,-2.265142,Everyone Active
U5 Fun Swimming Fri 08:00,,Wythenshawe Forum Leisure Centre,Simons Way,Wythenshawe,M22 5RX,53.380323,-2.265142,Everyone Active
Parent & Junior Sat 09:00,,Wythenshawe Forum Leisure Centre,Simons Way,Wythenshawe,M22 5RX,53.380323,-2.265142,Everyone Active
Public Swimming Sat 11:00,,Wythenshawe Forum Leisure Centre,Simons Way,Wythenshawe,M22 5RX,53.380323,-2.265142,Everyone Active
Parent & Junior Sat 13:00,,Wythenshawe Forum Leisure Centre,Simons Way,Wythenshawe,M22 5RX,53.380323,-2.265142,Everyone Active
Cardio Eqmt Mon 09:00,,K2 Crawley,Pease Pottage Hill,Crawley,RH11 9BQ,51.097296,-0.191272,Everyone Active
Lm Pilates Mon 19:00,,K2 Crawley,Pease Pottage Hill,Crawley,RH11 9BQ,51.097296,-0.191272,Everyone Active
Group Cycle Mon 18:15,,K2 Crawley,Pease Pottage Hill,Crawley,RH11 9BQ,51.097296,-0.191272,Everyone Active
Gym 14-15 Yrs Mon 07:30,,K2 Crawley,Pease Pottage Hill,Crawley,RH11 9BQ,51.097296,-0.191272,Everyone Active
Pilates 50+ Mon 11:30,,K2 Crawley,Pease Pottage Hill,Crawley,RH11 9BQ,51.097296,-0.191272,Everyone Active
Circuits Mon 09:30,,K2 Crawley,Pease Pottage Hill,Crawley,RH11 9BQ,51.097296,-0.191272,Everyone Active
Vir Bodybalance Mon 20:15,,K2 Crawley,Pease Pottage Hill,Crawley,RH11 9BQ,51.097296,-0.191272,Everyone Active
Aerobics 50+ Mon 09:30,,K2 Crawley,Pease Pottage Hill,Crawley,RH11 9BQ,51.097296,-0.191272,Everyone Active
Vir BodyPump Mon 06:15,,K2 Crawley,Pease Pottage Hill,Crawley,RH11 9BQ,51.097296,-0.191272,Everyone Active
Active Antz Mon 11:15,,K2 Crawley,Pease Pottage Hill,Crawley,RH11 9BQ,51.097296,-0.191272,Everyone Active
Vir The Trip Mon 11:00,,K2 Crawley,Pease Pottage Hill,Crawley,RH11 9BQ,51.097296,-0.191272,Everyone Active
Pilates 50+ Mon 10:30,,K2 Crawley,Pease Pottage Hill,Crawley,RH11 9BQ,51.097296,-0.191272,Everyone Active
Vir The Trip Mon 17:00,,K2 Crawley,Pease Pottage Hill,Crawley,RH11 9BQ,51.097296,-0.191272,Everyone Active
Pilates 50+ Mon 10:35,,K2 Crawley,Pease Pottage Hill,Crawley,RH11 9BQ,51.097296,-0.191272,Everyone Active
Badminton Snr Mon 09:00,,K2 Crawley,Pease Pottage Hill,Crawley,RH11 9BQ,51.097296,-0.191272,Everyone Active
Premium Lane Mon 11:45,,K2 Crawley,Pease Pottage Hill,Crawley,RH11 9BQ,51.097296,-0.191272,Everyone Active
Vir R P M Mon 09:30,,K2 Crawley,Pease Pottage Hill,Crawley,RH11 9BQ,51.097296,-0.191272,Everyone Active
Public Swimming Tue 11:00,,K2 Crawley,Pease Pottage Hill,Crawley,RH11 9BQ,51.097296,-0.191272,Everyone Active
Lane Swim Fast Wed 08:45,,K2 Crawley,Pease Pottage Hill,Crawley,RH11 9BQ,51.097296,-0.191272,Everyone Active
Lane Swim Fast Wed 13:45,,K2 Crawley,Pease Pottage Hill,Crawley,RH11 9BQ,51.097296,-0.191272,Everyone Active
Lane Swim Fast Tue 12:45,,K2 Crawley,Pease Pottage Hill,Crawley,RH11 9BQ,51.097296,-0.191272,Everyone Active
Lane Swim Fast Wed 17:00,,K2 Crawley,Pease Pottage Hill,Crawley,RH11 9BQ,51.097296,-0.191272,Everyone Active
Lane Swim Med Wed 07:30,,K2 Crawley,Pease Pottage Hill,Crawley,RH11 9BQ,51.097296,-0.191272,Everyone Active
Lane Swim Fast Tue 13:45,,K2 Crawley,Pease Pottage Hill,Crawley,RH11 9BQ,51.097296,-0.191272,Everyone Active
Lane Swim Med Wed 11:45,,K2 Crawley,Pease Pottage Hill,Crawley,RH11 9BQ,51.097296,-0.191272,Everyone Active
Lane Swim Med Wed 12:45,,K2 Crawley,Pease Pottage Hill,Crawley,RH11 9BQ,51.097296,-0.191272,Everyone Active
Lane Swim Med Tue 07:30,,K2 Crawley,Pease Pottage Hill,Crawley,RH11 9BQ,51.097296,-0.191272,Everyone Active
Lane Swim Med Wed 16:00,,K2 Crawley,Pease Pottage Hill,Crawley,RH11 9BQ,51.097296,-0.191272,Everyone Active
Lane Swim Slow Wed 07:00,,K2 Crawley,Pease Pottage Hill,Crawley,RH11 9BQ,51.097296,-0.191272,Everyone Active
Lane Swim Med Tue 10:45,,K2 Crawley,Pease Pottage Hill,Crawley,RH11 9BQ,51.097296,-0.191272,Everyone Active
Lane Swim Slow Wed 1145,,K2 Crawley,Pease Pottage Hill,Crawley,RH11 9BQ,51.097296,-0.191272,Everyone Active
Lane Swim Med Tue 11:45,,K2 Crawley,Pease Pottage Hill,Crawley,RH11 9BQ,51.097296,-0.191272,Everyone Active
Vir Grit Athlet Sun 16:30,,K2 Crawley,Pease Pottage Hill,Crawley,RH11 9BQ,51.097296,-0.191272,Everyone Active
Lane Swim Med Fri 09:45,,K2 Crawley,Pease Pottage Hill,Crawley,RH11 9BQ,51.097296,-0.191272,Everyone Active
Lane Swim Slow Fri 07:00,,K2 Crawley,Pease Pottage Hill,Crawley,RH11 9BQ,51.097296,-0.191272,Everyone Active
Lane Swim Slow Fri 12:45,,K2 Crawley,Pease Pottage Hill,Crawley,RH11 9BQ,51.097296,-0.191272,Everyone Active
Family Swimming Sun 11:00,,K2 Crawley,Pease Pottage Hill,Crawley,RH11 9BQ,51.097296,-0.191272,Everyone Active
Family Swimming Sun 12:00,,K2 Crawley,Pease Pottage Hill,Crawley,RH11 9BQ,51.097296,-0.191272,Everyone Active
Lane Swim Med Sun 12:00,,K2 Crawley,Pease Pottage Hill,Crawley,RH11 9BQ,51.097296,-0.191272,Everyone Active
Intro 11-15 Yrs Sat 09:30,,K2 Crawley,Pease Pottage Hill,Crawley,RH11 9BQ,51.097296,-0.191272,Everyone Active
Intro 11-15 Yrs Sat 13:30,,K2 Crawley,Pease Pottage Hill,Crawley,RH11 9BQ,51.097296,-0.191272,Everyone Active
Parent & Junior Sat 08:00,,K2 Crawley,Pease Pottage Hill,Crawley,RH11 9BQ,51.097296,-0.191272,Everyone Active
Inlc Fam Swim Sun 09:00,,K2 Crawley,Pease Pottage Hill,Crawley,RH11 9BQ,51.097296,-0.191272,Everyone Active
Parent & Junior Sat 10:00,,K2 Crawley,Pease Pottage Hill,Crawley,RH11 9BQ,51.097296,-0.191272,Everyone Active
Parent & Junior Sat 14:00,,K2 Crawley,Pease Pottage Hill,Crawley,RH11 9BQ,51.097296,-0.191272,Everyone Active
Parent & Junior Sat 15:00,,K2 Crawley,Pease Pottage Hill,Crawley,RH11 9BQ,51.097296,-0.191272,Everyone Active
Parent & Junior Sat 17:00,,K2 Crawley,Pease Pottage Hill,Crawley,RH11 9BQ,51.097296,-0.191272,Everyone Active
Free Weights Sat 11:30,,K2 Crawley,Pease Pottage Hill,Crawley,RH11 9BQ,51.097296,-0.191272,Everyone Active
Vir Bodycombat Sat 08:00,,K2 Crawley,Pease Pottage Hill,Crawley,RH11 9BQ,51.097296,-0.191272,Everyone Active
Vir Bodypump Sat 12:30,,K2 Crawley,Pease Pottage Hill,Crawley,RH11 9BQ,51.097296,-0.191272,Everyone Active
Swim Disco Sun 12:00,,Meadowside Leisure Centre,High Street,Burton-upon-Trent,DE14 1TL,52.80489,-1.62788,Everyone Active
Swim Disco Sun 13:00,,Meadowside Leisure Centre,High Street,Burton-upon-Trent,DE14 1TL,52.80489,-1.62788,Everyone Active
Public Swimming Sun 13:00,,Meadowside Leisure Centre,High Street,Burton-upon-Trent,DE14 1TL,52.80489,-1.62788,Everyone Active
Lane Swim Fast Sun 11:00,,Meadowside Leisure Centre,High Street,Burton-upon-Trent,DE14 1TL,52.80489,-1.62788,Everyone Active
Public Swimming Sun 14:00,,Meadowside Leisure Centre,High Street,Burton-upon-Trent,DE14 1TL,52.80489,-1.62788,Everyone Active
Lane Swim Slow Sun 11:00,,Meadowside Leisure Centre,High Street,Burton-upon-Trent,DE14 1TL,52.80489,-1.62788,Everyone Active
Soft Play Tue 16:00,,Meadowside Leisure Centre,High Street,Burton-upon-Trent,DE14 1TL,52.80489,-1.62788,Everyone Active
Parent & Junior Mon 06:00,,Meadowside Leisure Centre,High Street,Burton-upon-Trent,DE14 1TL,52.80489,-1.62788,Everyone Active
Parent & Junior Mon 07:00,,Meadowside Leisure Centre,High Street,Burton-upon-Trent,DE14 1TL,52.80489,-1.62788,Everyone Active
